Jafet Casals,Jafet_Casals@gmail.com,1,1,1
Jorge Manzanares,Jorge_Manzanares@gmail.com,1,1,2
Onofre Adadia,Onofre_Adadia@gmail.com,1,1,3
Merche Prada,Merche_Prada@gmail.com,1,1,4
Pilar Abella,Pilar_Abella@gmail.com,1,1,5
Leoncio Tena,Leoncio_Tena@gmail.com,1,1,6
Odalys Torrijos,Odalys_Torrijos@gmail.com,1,1,7
Eduardo Caparrós,Eduardo_Caparrós@gmail.com,1,1,8
Ignacio Goicoechea,Ignacio_Goicoechea@gmail.com,1,1,9
Clementina Santos,Clementina_Santos@gmail.com,1,1,10
Daniela Falcó,Daniela_Falcó@gmail.com,1,1,11
Abraham Vélez,Abraham_Vélez@gmail.com,1,1,12
Maximiliano Menéndez,Maximiliano_Menéndez@gmail.com,1,1,13
Anita Heredia,Anita_Heredia@gmail.com,1,1,14
Eli Casas,Eli_Casas@gmail.com,1,1,15
Guillermo Borrego,Guillermo_Borrego@gmail.com,2,1,16
Sergio Aguirre,Sergio_Aguirre@gmail.com,2,1,17
Carlito Carrión,Carlito_Carrión@gmail.com,2,1,18
Haydée Figueroa,Haydée_Figueroa@gmail.com,2,1,19
Chita Mancebo,Chita_Mancebo@gmail.com,2,1,20
Joaquina Asensio,Joaquina_Asensio@gmail.com,2,1,21
Cristian Sarabia,Cristian_Sarabia@gmail.com,2,1,22
Isabel Ibáñez,Isabel_Ibáñez@gmail.com,2,1,23
Desiderio Jordá,Desiderio_Jordá@gmail.com,2,1,24
Rosalina Llanos,Rosalina_Llanos@gmail.com,2,1,25
Amor Larrañaga,Amor_Larrañaga@gmail.com,3,1,26
Teodoro Alberola,Teodoro_Alberola@gmail.com,3,1,27
Cleto Plana,Cleto_Plana@gmail.com,3,1,28
Aitana Sebastián,Aitana_Sebastián@gmail.com,3,1,29
Dolores Valbuena,Dolores_Valbuena@gmail.com,3,1,30
Julie Ferrer,Julie_Ferrer@gmail.com,3,1,31
Mireia Cabañas,Mireia_Cabañas@gmail.com,3,1,32
Flavia Amador,Flavia_Amador@gmail.com,3,1,33
Albino Macias,Albino_Macias@gmail.com,3,1,34
Ester Sánchez,Ester_Sánchez@gmail.com,3,1,35
Luis Miguel Galvez,Luis_Miguel_Galvez@gmail.com,3,1,36
Loida Arellano,Loida_Arellano@gmail.com,3,1,37
Heraclio Duque,Heraclio_Duque@gmail.com,3,1,38
Herberto Figueras,Herberto_Figueras@gmail.com,3,1,39
Teresa Laguna,Teresa_Laguna@gmail.com,4,2,40
Estrella Murillo,Estrella_Murillo@gmail.com,4,2,41
Ernesto Uriarte,Ernesto_Uriarte@gmail.com,4,2,42
Daniela Guitart,Daniela_Guitart@gmail.com,4,2,43
Timoteo Trillo,Timoteo_Trillo@gmail.com,4,2,44
Ricarda Tovar,Ricarda_Tovar@gmail.com,4,2,45
Alejandra Vilaplana,Alejandra_Vilaplana@gmail.com,4,2,46
Daniel Rosselló,Daniel_Rosselló@gmail.com,4,2,47
Rita Olivares,Rita_Olivares@gmail.com,4,2,48
Cleto Montes,Cleto_Montes@gmail.com,4,2,49
Marino Castilla,Marino_Castilla@gmail.com,4,2,50
Estefanía Valcárcel,Estefanía_Valcárcel@gmail.com,4,2,51
Noemí Vilanova,Noemí_Vilanova@gmail.com,4,2,52
